Neighborhood,Frequency
Budhanilkantha,0.11382113821138211
Imadol,0.050522648083623695
Kapan,0.023228803716608595
Bhaisepati,0.02264808362369338
Hattigauda,0.022067363530778164
Basundhara,0.02148664343786295
Tokha,0.020905923344947737
Baluwatar,0.02032520325203252
Golfutar,0.018002322880371662
Samakhusi,0.018002322880371662
Chabahil,0.0156794425087108
Dhapasi,0.015098722415795587
Sitapaila,0.013937282229965157
Sukedhara,0.013356562137049941
Bhangal,0.012775842044134728
Jorpati,0.012195121951219513
Kalanki,0.012195121951219513
Maharajgunj,0.011614401858304297
Tikathali,0.011033681765389082
Swayambhu,0.011033681765389082
Pokhara,0.011033681765389082
Sanepa,0.009872241579558653
Baneshwor,0.009291521486643438
Pepsicola,0.009291521486643438
Kadaghari,0.009291521486643438
Pasikot,0.008710801393728223
Kirtipur,0.008710801393728223
Bharatpur,0.008710801393728223
Mandikatar,0.008130081300813009
Chandragiri,0.008130081300813009
Dhumbarahi,0.008130081300813009
Chapali,0.008130081300813009
Balaju,0.007549361207897794
Mulpani,0.007549361207897794
Manamaiju,0.005807200929152149
Dhapakhel,0.005807200929152149
Godawari,0.005807200929152149
Gongabu,0.005807200929152149
Dharan,0.005807200929152149
Thankot,0.005807200929152149
Lubhu,0.005807200929152149
Naya Bazar,0.005807200929152149
Tarkeshwor,0.005807200929152149
Chandol,0.005226480836236934
Goldhunga,0.005226480836236934
Naikap,0.005226480836236934
Banasthali,0.005226480836236934
Gaurighat,0.005226480836236934
Harisiddhi,0.005226480836236934
Lazimpat,0.005226480836236934
Hattiban,0.004645760743321719
Kavresthali,0.004645760743321719
Hetauda,0.004645760743321719
Bafal,0.004645760743321719
Boudha,0.004645760743321719
Gothatar,0.004645760743321719
Koteshwor,0.004645760743321719
Madhyapur Thimi,0.004645760743321719
Ramkot,0.004645760743321719
Baniyatar,0.004645760743321719
Dhobighat,0.004645760743321719
Basbari,0.0040650406504065045
Gokarneshwor,0.0040650406504065045
Thamel,0.0040650406504065045
Naxal,0.0040650406504065045
Bhaktapur,0.0040650406504065045
Sankhamul,0.0040650406504065045
Changunarayan,0.003484320557491289
Nakhipot,0.003484320557491289
Balkhu,0.003484320557491289
Machhegaun,0.003484320557491289
Butwal,0.003484320557491289
Chauthe,0.003484320557491289
Thulo Bharyang,0.003484320557491289
Satungal,0.003484320557491289
Mid Baneshwor,0.003484320557491289
Kamalpokhari,0.0029036004645760743
Suryabinayak,0.0029036004645760743
Dadikot,0.0029036004645760743
Balkot,0.0029036004645760743
Nagarjun,0.0029036004645760743
Patan,0.0029036004645760743
Syuchatar,0.0029036004645760743
Durbar Marg,0.0029036004645760743
Shantinagar,0.0029036004645760743
Damak,0.0029036004645760743
Thali,0.0029036004645760743
Satdobato,0.0023228803716608595
Raniban,0.0023228803716608595
Lokanthali,0.0023228803716608595
Lekhnath,0.0023228803716608595
Itahari,0.0023228803716608595
Thaiba,0.0023228803716608595
Ram Bazar,0.0023228803716608595
Makalbari,0.0023228803716608595
Tahachal,0.0023228803716608595
Ekatabasti,0.0023228803716608595
Hattisar,0.0023228803716608595
Old Baneshwor,0.0023228803716608595
Jhamsikhel,0.0023228803716608595
Sanobharyang,0.0023228803716608595
Maligaon,0.0023228803716608595
Thapathali,0.0023228803716608595
Kupondole,0.0023228803716608595
Nakkhu,0.0023228803716608595
Putalisadak,0.0023228803716608595
Birgunj,0.0023228803716608595
Dhungedhara,0.0023228803716608595
Chhauni,0.0023228803716608595
Sallaghari,0.0023228803716608595
Kageshwari-Manohara,0.0017421602787456446
Dakshinkali,0.0017421602787456446
Dhading,0.0017421602787456446
Kausaltar,0.0017421602787456446
Gaushala,0.0017421602787456446
Gurujudhara,0.0017421602787456446
Hadigaun,0.0017421602787456446
Balambu,0.0017421602787456446
Tarakeshwar,0.0017421602787456446
Tinkune,0.0017421602787456446
Duwakot,0.0017421602787456446
Chundevi,0.0017421602787456446
Gwarko,0.0017421602787456446
Maitidevi,0.0017421602787456446
Narephate,0.0017421602787456446
Mhepi,0.0017421602787456446
Ekantakuna,0.0017421602787456446
Lamatar,0.0017421602787456446
Bishal Nagar,0.0017421602787456446
Chovar,0.0017421602787456446
Anamnagar,0.0017421602787456446
Kalimati,0.0017421602787456446
Tarahara,0.0017421602787456446
Tripureshwor,0.0017421602787456446
Gatthaghar,0.0017421602787456446
Birtamod Road,0.0017421602787456446
Nawalparasi,0.0017421602787456446
Sano Bharyang,0.0017421602787456446
Sankhu,0.0017421602787456446
Dallu,0.0017421602787456446
Teku,0.0017421602787456446
Kumaripati,0.0017421602787456446
Lagankhel,0.0011614401858304297
Joranku,0.0011614401858304297
Thasikhel,0.0011614401858304297
Nepaltar,0.0011614401858304297
Newroad,0.0011614401858304297
Khumaltar,0.0011614401858304297
Jamal,0.0011614401858304297
Mahendrapul,0.0011614401858304297
Dhulikhel,0.0011614401858304297
Mahalaxmi Nagarpalika,0.0011614401858304297
Minbhawan,0.0011614401858304297
Kalopul,0.0011614401858304297
Gairidhara,0.0011614401858304297
Baghdol,0.0011614401858304297
Chakupat,0.0011614401858304297
Sipadol,0.0011614401858304297
Ratnanagar,0.0011614401858304297
Dharmasthali,0.0011614401858304297
Ghari Patan,0.0011614401858304297
Lakeside,0.0011614401858304297
Panipokhari,0.0011614401858304297
Ravi Bhawan,0.0011614401858304297
Bode,0.0011614401858304297
Matatirtha,0.0011614401858304297
Basantapur,0.0011614401858304297
Sunderbasti,0.0011614401858304297
Bajha Patan,0.0011614401858304297
Tilottama,0.0011614401858304297
Fulbari,0.0011614401858304297
Grande Villa,0.0011614401858304297
Kusunti,0.0011614401858304297
Dhampus,0.0011614401858304297
Panchkhal,0.0005807200929152149
Thecho,0.0005807200929152149
Jagati,0.0005807200929152149
Machha Pokhari,0.0005807200929152149
Sarankot,0.0005807200929152149
Bhaswar Marg,0.0005807200929152149
Panauti,0.0005807200929152149
Pulchowk,0.0005807200929152149
Shrijana Chowk,0.0005807200929152149
Kaji Pokhari,0.0005807200929152149
Taadi,0.0005807200929152149
Kawasoti,0.0005807200929152149
Nagdhunga,0.0005807200929152149
Bhatbhateni,0.0005807200929152149
Mahalaxmisthan,0.0005807200929152149
Mahankal,0.0005807200929152149
Kalikasthan,0.0005807200929152149
Civil Homes,0.0005807200929152149
Nagarkot,0.0005807200929152149
Chitrawan,0.0005807200929152149
Fikal,0.0005807200929152149
Naghdaha,0.0005807200929152149
Mangal Bazar,0.0005807200929152149
Sunakothi,0.0005807200929152149
Dhangadhi,0.0005807200929152149
Taukhel,0.0005807200929152149
Khusibu,0.0005807200929152149
khahare,0.0005807200929152149
Sundhara,0.0005807200929152149
Pokharia,0.0005807200929152149
Lainchaur,0.0005807200929152149
Dam Side,0.0005807200929152149
Balkumari,0.0005807200929152149
Buddhanagar,0.0005807200929152149
Soltimode,0.0005807200929152149
Kharipati,0.0005807200929152149
Gairigaun,0.0005807200929152149
Tinthana,0.0005807200929152149
Lele,0.0005807200929152149
Ratopul,0.0005807200929152149
Guheshwori,0.0005807200929152149
Bhandara,0.0005807200929152149
Gaidakot,0.0005807200929152149
Sano Gaucharan,0.0005807200929152149
Birendranagar,0.0005807200929152149
Chitapol,0.0005807200929152149
Ranibari,0.0005807200929152149
Dillibazar,0.0005807200929152149
Nakhundol,0.0005807200929152149
Radhe Radhe,0.0005807200929152149
Guleriya,0.0005807200929152149
Paknajol,0.0005807200929152149
Kamaladi,0.0005807200929152149
Kapurdhara,0.0005807200929152149
Chamati,0.0005807200929152149
Ranipauwa,0.0005807200929152149
Namobuddha,0.0005807200929152149
Shuklagandaki,0.0005807200929152149
Bhairahawa,0.0005807200929152149
Birendra Chowk,0.0005807200929152149
Buddha Bhumi Nagarpalika,0.0005807200929152149
Jawalakhel,0.0005807200929152149
Devkota Chowk,0.0005807200929152149
Saraswatikhel,0.0005807200929152149
Biratnagar,0.0005807200929152149
Surkhet Bazar,0.0005807200929152149
Tathali,0.0005807200929152149
Khairahani,0.0005807200929152149
Banepa,0.0005807200929152149
Thapagaun,0.0005807200929152149
Ghattekulo,0.0005807200929152149
Sano Gaun,0.0005807200929152149
Battisputali,0.0005807200929152149
DDC Chowk,0.0005807200929152149
Raam Bazar,0.0005807200929152149
